"credit_main","Nubby's Number Factory{a}{a}A game by MogDog.{a}{a}{a}Soundtrack by Vinegart (Malakai Martin){a}{a}{a}{a}",
"credit_steampageart","Steam page art - Sir Podzol{a}{a}",
"credit_demotranslation","Demo localization:{a}Santi - Spanish Localization{a}YuruSoda - Brazilian Portuguese Localization{a}CatKrakenStudio Localization Team - Russian Localization{a}{a}CatKrakenStudio:{a}{a}Daniil (G02m0n1k}{a}Artyom (Loomen){a}Inokentie (KUsHa){a}",
"credit_other","{a}{a}Special thanks to:{a}-Pheebie, Clownmodius, Dave, Pol, Gab, Sir Podzol, and Erwann for help playtesting.{a}-Clownmodius, for help with Goblony artwork.{a}-HarrisonD, for Dwarf Tony supervisor reskin (contest winner){a}-GoozBooz, Jahck, Rusty, Pheebie, Sir Podzol, YcelptYC, picmiz, Clownmodius, ianokay, culprits1, and toasterstoastforks - for your nubby reskin designs (they're coming soon, don't worry!)",
"new_feature","New!",
"titlemenu_play","Play",
"titlemenu_quit","Quit",               
"titlemenu_settings","Settings",               
"titlemenu_tutorial","Tutorial",
"titlemenu_warehouse","Warehouse",
"titlemenu_cosmetics","Cosmetics",
"gmbtn_challenges","Challenges!",
"gmbtn_modeclassic","Classic{a}{a}{a}Mode",
"classicmode_description","Classic Mode:{a}------{a}*Achievements enabled.{a}*Random game seed.",
"gmbtn_modecustom","Custom{a}{a}{a}Seed",
"gmbtn_locked","Locked!",
"gmbtn_next","NEXT!",
"gmbtn_play","GO!"
"gmbtn_back","Back",
"gmbtn_seed","Seed:",
"abortround_btn","End!",
"txt_supervisor","Choose your supervisor!",
"supervisorname_tony","Tony",
"supervisorname_octopus","Octo-ny",
"supervisorname_tonyjr","Tony Jr.",
"supervisorname_goblin","Goblony",
"supervisorname_mutant","Mutant Tony",
"supervisorname_glass","Glass Tony",
"supervisorname_hunter","Hunter Tony",
"supervisorname_balogna","Balogna Tony",
"supervisorname_criminal","Criminal Tony",
"supervisorname_ceo","C.E.O. Tony",
"supervisorname_immortal","Immortal Tony",
"supervisordesc_tony","*The standard Nubby experience!",
"supervisordesc_octopus","*Squids are {b}x more likely to appear in Nubby-Mart.{a}*Squids cost {c}% less.",
"supervisordesc_tonyjr","*Start the game with {b} coins.{a}*You will enter Nubby-Mart when the game starts.{a}*Rare and ultra rare items are twice as likely to appear in shops.",
"supervisordesc_goblin","*You receive +3 coins per restock instead of 1.{a}*Maximum coins limit is raised to {b}.{a}*You lose two lives when you launch Nubby.",
"supervisordesc_mutant","*Items have two trigger types.{a}*For example, an item could trigger when the round goal is passed OR when Nubby dies.",
"supervisordesc_glass","*All items are half priced.{a}*+3 rerolls in all shops.{a}*Items have a {b}% chance to shatter when they trigger.",
"supervisordesc_hunter","*Adds a moving target to the bottom of the pegboard.{a}*If Nubby hits the target, gain +{b} coins AND double total score.{a}*You cannot gain coins from restocks.",
"supervisordesc_balogna","*Item and perk triggers are randomized at the start of the run. Don't question it.",
"supervisordesc_criminal","*Black market items can appear in Nubby-Mart and mystery capsules. Black market items cost money in Nubby-Mart.",
"supervisordesc_ceo","*Start game with {b} coins.{a}*You cannot gain more coins.",
"supervisordesc_immortal","*Replaces endless mode with prestige mode.{a}*When you win, you can prestige.{a}*This restarts the game and increases the difficulty for each prestige level.",
"supervisordesc_unimplemented","Not implemented yet. I swear it'll be done by the 7th.",
"txt_nametag","Hello! My name is:",
"svbtn_go","GO!",
"customseed_warning","Warning: Using a custom seed disables achievements and stars."                       
"gameversion","NNF Version {a} FULL",	
"shopdirection1","(Click an item to drag and drop it into your inventory.)",	
"shopdirection2","(Press [{a}] on items in your inventory to sell them.)",	
"item_name0","Pants",	
"item_name1","Noodle",		
"item_name2","Cactus",	
"item_name3","Flame Thrower",		
"item_name4","Lobster Claw",	
"item_name5","Monstrosity",	
"item_name6","Jake the Snake",	
"item_name7","Strawberry",
"item_name8","Nose",		
"item_name9","Crazy Straw",		
"item_name10","Evil Goose",		
"item_name11","Flaming Skull",		
"item_name12","Sea Cucumber",		
"item_name13","Tart Lard",		
"item_name14","Pedro",	
"item_name15","Fly Agaric",		
"item_name16","Finger Puppet",		
"item_name17","Jacks",	
"item_name18","Croissant",	
"item_name19","Donut",		
"item_name20","Rubber Chicken",		
"item_name21","1 Ton of Feathers",		
"item_name22","Dancing Dino",		
"item_name23","Squirmy",	
"item_name24","Broken Socket",	
"item_name25","Test Item 1",		
"item_name26","Test Item 2",	
"item_name27","Toy Fish",	
"item_name28","Flutty",		
"item_name29","Yeti",		
"item_name30","Kazoo",	
"item_name31","Squid",		
"item_name32","3D-Glasses",	
"item_name33","Uranium Rod",	
"item_name34","The Pointer",	
"item_name35","Happy Seal",		
"item_name36","HotDog-Dog",	
"item_name37","Friendly Rock",
"item_name38","Dave",
"item_name39","The Mollusk",
"item_name40","Tardigrade",
"item_name41","Plastic Tree",
"item_name42","Clay-Man-Guy",
"item_name43","Asbestos",
"item_name44","Cheese House",
"item_name45","Shish Kebab",
"item_name46","Kidney Bean",
"item_name47","Wingless Fly",
"item_name48","Disguise Glasses",
"item_name49","King Baby",
"item_name50","Pickle Rat",
"item_name51","Mannequin Head",
"item_name52","Laser Pointer",
"item_name53","All-Seeing Pyramid",
"item_name54","Fish Man",
"item_name55","Two Headed Turtle",
"item_name56","Inflatable Dolphin",
"item_name57","Professor Palmy",
"item_name58","Pregnancy Test",
"item_name59","Horse Pill",
"item_name60","Ouroboros",
"item_name61","Lentil",
"item_name62","Mystery Box (Common)",
"item_name63","Mystery Box (Common)",
"item_name64","Mystery Box (Common)",
"item_name65","Poop Butt",
"item_name66","Alien",
"item_name67","E-Block",
"item_name136","Chip",
"item_name137","Avocado",
"item_name138","Fava Bean",
"item_name139","Mystery Box (Rare)",
"item_name140","Mystery Box (Rare)",
"item_name141","Mystery Box (Rare)",
"item_name142","Mystery Box (Copy)",
"item_name143","Mystery Box (U-Rare)",
"item_name144","Mystery Box (U-Rare)",
"item_name145","Mystery Box (U-Rare)",
"item_name146","Starfruit",
"item_name147","Broken Chip",
"item_name148","Empty item",
"item_name149","Empty item",
"item_name150","Empty item",
"item_name151","Empty item",
"item_name152","Empty item",
"item_name153","Empty item",
"item_name154","Empty item",
"item_name155","Empty item",
"item_name156","Empty item",
"item_name157","Empty item",
"item_name158","Empty item",
"item_name159","Empty item",
"item_name160","Empty item",
"item_name161","Empty item",
"item_name162","Empty item",
"item_name163","Empty item",
"item_name164","Empty item",
"item_name165","Empty item",
"item_name166","Empty item",
"item_name167","Empty item",
"item_name168","Empty item",
"item_name169","Empty item",
"item_name170","Empty item",
"item_name171","Empty item",
"item_name172","Empty item",


"FirstPop","[#ffd500]First peg popped [spr_ITArrow,0]",		
"PegPop","[#ffd500]Peg popped [spr_ITArrow,0]",		
"PegFullPop","[#ffd500]Peg fully popped [spr_ITArrow,0]",		
"HalfSecond","[#ffd500]Every half second [spr_ITArrow,0]",		
"1Second","[#ffd500]Every 1 second [spr_ITArrow,0]",		
"1andHalfSecond","[#ffd500]Every 1.5 seconds [spr_ITArrow,0]",		
"2Second","[#ffd500]Every 2 seconds [spr_ITArrow,0]",		
"2andHalfSecond","[#ffd500]Every 2.5 seconds [spr_ITArrow,0]",		
"3Second","[#ffd500]Every 3 seconds [spr_ITArrow,0]",	
"3andHalfSecond","[#ffd500]Every 3.5 seconds [spr_ITArrow,0]",
"4Second","[#ffd500]Every 4 seconds [spr_ITArrow,0]",		
"5Second","[#ffd500]Every 5 seconds [spr_ITArrow,0]",		
"GainLife","[#ffd500]Gain life [spr_ITArrow,0]",		
"NubbyLaunchItem","[#ffd500]Nubby launched [spr_ITArrow,0]",
"NubbyLaunchPerk","[#ffd500]Nubby launched [spr_ITArrow,0]",		
"NubbyDies","[#ffd500]Nubby dies [spr_ITArrow,0]",		
"PurchaseItem","[#ffd500]Purchase item [spr_ITArrow,0]",	
"HitWall1","[#ffd500]Nubby hits wall [spr_ITArrow,0]",
"HitWall2","[#ffd500]Nubby hits wall twice [spr_ITArrow,0]",
"HitWall3","[#ffd500]Nubby hits wall 3 times [spr_ITArrow,0]",
"HitWall5","[#ffd500]Nubby hits wall 5 times [spr_ITArrow,0]",
"AnySummoned","[#ffd500]Summon anything [spr_ITArrow,0]",		
"5Summoned","[#ffd500]Every 5 summons [spr_ITArrow,0]",
"12Summoned","[#ffd500]Every 12 summons [spr_ITArrow,0]",
"20Summoned","[#ffd500]Every 20 summons [spr_ITArrow,0]",
"RankUp","[#ffd500]Rank up [spr_ITArrow,0]",
"Eat","[#ffd500]Eat [spr_ITArrow,0]",		
"SellItem","[#ffd500]Sell item [spr_ITArrow,0]",		
"SellMe","[#ffd500]Sell this item [spr_ITArrow,0]",		
"PassGoal","[#ffd500]Pass round goal [spr_ITArrow,0]",
"PassGoalOnce","[#ffd500]Pass round goal once [spr_ITArrow,0]"		
"2Popped","[#ffd500]2 pegs popped [spr_ITArrow,0]",
"3Popped","[#ffd500]3 pegs popped [spr_ITArrow,0]",		
"5Popped","[#ffd500]5 pegs popped [spr_ITArrow,0]",
"8Popped","[#ffd500]8 pegs popped [spr_ITArrow,0]",		
"10Popped","[#ffd500]10 pegs popped [spr_ITArrow,0]",
"12Popped","[#ffd500]12 pegs popped [spr_ITArrow,0]",		
"15Popped","[#ffd500]15 pegs popped [spr_ITArrow,0]",
"20Popped","[#ffd500]20 pegs popped [spr_ITArrow,0]",		
"30Popped","[#ffd500]30 pegs popped [spr_ITArrow,0]",		
"EnableItem","[#ffd500]Any item re-enabled [spr_ITArrow,0]",		
"ItemTrigger","[#ffd500]Any item triggers [spr_ITArrow,0]",		
"ItemFire_Left","[#ffd500]Item to the left of me triggers [spr_ITArrow,0]",		
"ItemFire_Right","[#ffd500]Item to the right of me triggers [spr_ITArrow,0]",		
"ItemFire_Pos1","[#ffd500]Item in slot #1 triggers [spr_ITArrow,0]",	
"ItemFire_Pos2","[#ffd500]Item in slot #2 triggers [spr_ITArrow,0]",		
"ItemFire_Pos3","[#ffd500]Item in slot #3 triggers [spr_ITArrow,0]",		
"ItemFire_Pos4","[#ffd500]Item in slot #4 triggers [spr_ITArrow,0]",		
"ItemFire_Pos5","[#ffd500]Item in slot #5 triggers [spr_ITArrow,0]",		
"ItemFire_Pos6","[#ffd500]Item in slot #6 triggers [spr_ITArrow,0]",		
"ItemFire_Pos7","[#ffd500]Item in slot #7 triggers [spr_ITArrow,0]",
"S1Trigger1","[#ffd500]Item in slot #1 triggers [spr_ITArrow,0]",
"S1Trigger2","[#ffd500]Item in slot #1 triggers twice [spr_ITArrow,0]",
"S1Trigger3","[#ffd500]Item in slot #1 triggers 3 times [spr_ITArrow,0]",
"S1Trigger4","[#ffd500]Item in slot #1 triggers 4 times [spr_ITArrow,0]",
"S1Trigger5","[#ffd500]Item in slot #1 triggers 5 times [spr_ITArrow,0]",
"S1Trigger10","[#ffd500]Item in slot #1 triggers 10 times [spr_ITArrow,0]",
"S2Trigger1","[#ffd500]Item in slot #2 triggers [spr_ITArrow,0]",
"S2Trigger2","[#ffd500]Item in slot #2 triggers twice [spr_ITArrow,0]",
"S2Trigger3","[#ffd500]Item in slot #2 triggers 3 times [spr_ITArrow,0]",
"S2Trigger4","[#ffd500]Item in slot #2 triggers 4 times [spr_ITArrow,0]",
"S2Trigger5","[#ffd500]Item in slot #2 triggers 5 times [spr_ITArrow,0]",
"S2Trigger10","[#ffd500]Item in slot #2 triggers 10 times [spr_ITArrow,0]",
"S3Trigger1","[#ffd500]Item in slot #3 triggers [spr_ITArrow,0]",
"S3Trigger2","[#ffd500]Item in slot #3 triggers twice [spr_ITArrow,0]",
"S3Trigger3","[#ffd500]Item in slot #3 triggers 3 times [spr_ITArrow,0]",
"S3Trigger4","[#ffd500]Item in slot #3 triggers 4 times [spr_ITArrow,0]",
"S3Trigger5","[#ffd500]Item in slot #3 triggers 5 times [spr_ITArrow,0]",
"S3Trigger10","[#ffd500]Item in slot #3 triggers 10 times [spr_ITArrow,0]",
"S4Trigger1","[#ffd500]Item in slot #4 triggers [spr_ITArrow,0]",
"S4Trigger2","[#ffd500]Item in slot #4 triggers twice [spr_ITArrow,0]",
"S4Trigger3","[#ffd500]Item in slot #4 triggers 3 times [spr_ITArrow,0]",
"S4Trigger4","[#ffd500]Item in slot #4 triggers 4 times [spr_ITArrow,0]",
"S4Trigger5","[#ffd500]Item in slot #4 triggers 5 times [spr_ITArrow,0]",
"S4Trigger10","[#ffd500]Item in slot #4 triggers 10 times [spr_ITArrow,0]",
"S5Trigger1","[#ffd500]Item in slot #5 triggers [spr_ITArrow,0]",
"S5Trigger2","[#ffd500]Item in slot #5 triggers twice [spr_ITArrow,0]",
"S5Trigger3","[#ffd500]Item in slot #5 triggers 3 times [spr_ITArrow,0]",
"S5Trigger4","[#ffd500]Item in slot #5 triggers 4 times [spr_ITArrow,0]",
"S5Trigger5","[#ffd500]Item in slot #5 triggers 5 times [spr_ITArrow,0]",
"S5Trigger10","[#ffd500]Item in slot #5 triggers 10 times [spr_ITArrow,0]",
"S6Trigger1","[#ffd500]Item in slot #6 triggers [spr_ITArrow,0]",
"S6Trigger2","[#ffd500]Item in slot #6 triggers twice [spr_ITArrow,0]",
"S6Trigger3","[#ffd500]Item in slot #6 triggers 3 times [spr_ITArrow,0]",
"S6Trigger4","[#ffd500]Item in slot #6 triggers 4 times [spr_ITArrow,0]",
"S6Trigger5","[#ffd500]Item in slot #6 triggers 5 times [spr_ITArrow,0]",
"S6Trigger10","[#ffd500]Item in slot #6 triggers 10 times [spr_ITArrow,0]",
"S7Trigger1","[#ffd500]Item in slot #7 triggers [spr_ITArrow,0]",
"S7Trigger2","[#ffd500]Item in slot #7 triggers twice [spr_ITArrow,0]",
"S7Trigger3","[#ffd500]Item in slot #7 triggers 3 times [spr_ITArrow,0]",
"S7Trigger4","[#ffd500]Item in slot #7 triggers 4 times [spr_ITArrow,0]",
"S7Trigger5","[#ffd500]Item in slot #7 triggers 5 times [spr_ITArrow,0]",
"S7Trigger10","[#ffd500]Item in slot #7 triggers 10 times [spr_ITArrow,0]",
"PegHalved","[#ffd500]Peg halved [spr_ITArrow,0]",
"PegHalve2","[#ffd500]2 pegs halved [spr_ITArrow,0]",
"PegHalve3","[#ffd500]3 pegs halved [spr_ITArrow,0]",
"PegHalve4","[#ffd500]4 pegs halved [spr_ITArrow,0]",
"PegHalve5","[#ffd500]5 pegs halved [spr_ITArrow,0]",
"PegDoubled","[#ffd500]Peg doubled [spr_ITArrow,0]",
"PegDouble2","[#ffd500]2 pegs doubled [spr_ITArrow,0]",
"PegDouble3","[#ffd500]3 pegs doubled [spr_ITArrow,0]",
"PegDouble4","[#ffd500]4 pegs doubled [spr_ITArrow,0]",
"PegDouble5","[#ffd500]5 pegs doubled [spr_ITArrow,0]",
"NubbyBounce","[#ffd500]Nubby bounces [spr_ITArrow,0]",
"NubbyBounce5","[#ffd500]Nubby bounces 5 times [spr_ITArrow,0]",
"NubbyBounce10","[#ffd500]Nubby bounces 10 times [spr_ITArrow,0]",
"NubbyBounceOdds5","[#ffd500]Nubby bounces [spr_ITArrow,0]",
"GainPoints","[#ffd500]Gain points [spr_ITArrow,0]",
"LosePoints","[#ffd500]Lose points [spr_ITArrow,0]",
"HighestPop","[#ffd500]Highest # peg popped [spr_ITArrow,0]",
"ForceTrig","[#ffd500]Force trigger this item [spr_ITArrow,0]",
"null","[#ffd500]Error: null",

"item_desc0","[#ffffff]{a}*Pops a random peg. When this peg pops, it will give points twice.",		
"item_desc1","[#ffffff]{a}*Mimics the effect of the most recently eaten food item{a}*Will mimic: {c}{b}{c}. {d}",		
"item_desc2","[#ffffff]{a}*Summons {b} quill that falls from the sky and pops {c} peg.",		
"item_desc3","[#ffffff]{a}*A random peg will explode and pop {b} (maximum) nearby pegs.",		
"item_desc4","[#ffffff]{a}*Every item in your inventory gives points equal to a random peg's number.",		
"item_desc5","[#ffffff]{a}*If Nubby is still alive, summons a {b}meat-orb{b} that will float around and pop pegs.{a}*Meat-orbs die when Nubby dies.",		
"item_desc6","[#ffffff]{a}*{b} in {c} chance to double ALL pegs.",		
"item_desc7","[#ffffff]{a}*Gain +1 coin for every strawberry eaten during this game.{a}*Maxes out at {b} coins.",		
"item_desc8","[#ffffff]{a}*A random peg will emit {c} {b}snot shots{b} that pop any pegs they pass through.",		
"item_desc9","[#ffffff]{a}*Summons one straw that pops one peg.{a}*Pegs popped by straws give an additional +{b}% of their #.{a}*Gains +{c}% for every time you've jumbled pegs in this game.",		
"item_desc10","[#ffffff]{a}*All pegs will give points equal to double the number on the lowest # peg.",		
"item_desc11","[#ffffff]{a}*{b}% chance to cause a giant explosion that pops all pegs once.{a}*{c}% chance if you are on your last shot.",		
"item_desc12","[#ffffff]{a}*Every empty peg space will give points equal to the total amount of pegs that have been popped this round.",		
"item_desc13","[#ffffff]{a}*Upgrades the right-most item in your inventory.{a}*Deletes the left-most item in your inventory.",		
"item_desc14","[#ffffff]{a}*Pops {b} random peg.",		
"item_desc15","[#ffffff]{a}*Multiply total points by {b}x.",		
"item_desc16","[#ffffff]{a}*Nubby gives points equal to the number of times that Nubby has bounced this round.",		
"item_desc17","[#ffffff]{a}*Summons a sharp-shot that will pop a random peg {b} times.",		
"item_desc18","[#ffffff]{a}*Gives +1 {b}Croissant Perk{b}.",		
"item_desc19","[#ffffff]{a}*Duplicates the most recently obtained perk.",		
"item_desc20","[#ffffff]{a}*If Nubby is still alive, summon an egg missile that falls from the sky and causes an explosion that pops a row of pegs.",		
"item_desc21","[#ffffff]{a}*Pops the lowest # peg twice.",	
"item_desc22","[#ffffff]{a}*{b}% chance to do nothing.{a}*{c}% chance to double one random peg.{a}*{d}% chance to halve one random peg.",		
"item_desc23","[#ffffff]{a}*Gives +{b} points for every time this item has triggered during this round.{a}*{c} in {d} chance to metamorphosize.",		
"item_desc24","[#ffffff]{a}*Creates a chain bolt that pops a cluster of pegs.",		
"item_desc25","[#ffffff]{a}*Test{b}",		
"item_desc26","[#ffffff]{a}*Test{b}",		
"item_desc27","[#ffffff]{a}*{b} random pegs will copy the # of the first peg popped.{a}*If this item is in slot #{c}, {d} pegs will be affected instead of {b}.",
"item_desc28","[#ffffff]{a}*Gives +{b} points for every time this item has triggered during this round.",		
"item_desc29","[#ffffff]{a}*Every peg will give points equal to {b}% of their #.",		
"item_desc30","[#ffffff]{a}*Doubles a random peg.",		
"item_desc31","[#ffffff]{a}*Mutates into the non-upgraded version of the [#ffb3ff]ITEM TO THE LEFT OF ME[#ffffff] for the rest of the round.",		
"item_desc32","[#ffffff]{a}*A random peg emits a pulse that doubles pegs within close range.",		
"item_desc33","[#ffffff]{a}*Nubby emits a burst of nuclear waste.{a}*Nuclear waste pops any pegs it touches.{a}*If Nubby isn't alive, a random peg will emit the burst.",
"item_desc34","[#ffffff]{a}*Marks a random peg.{a}*When a peg is marked, all pegs that have the same number will be doubled.{a}*If no pegs have the same number as the marked peg, a random peg will be doubled.",		
"item_desc35","[#ffffff]{a}*{b} random pegs get smacked.{a}*When a peg is smacked, it counts as a {a}[#ffd500]{c}Peg halved [spr_ITArrow,0]{c} [#ffffff] trigger without actually halving it.",		
"item_desc36","[#ffffff]{a}*Gain +1 coin for each remaining life.",	
"item_desc37","[#ffffff]{a}*Doubles {c} random pegs whose # is less than {b}.",	
"item_desc38","[#ffffff]{a}*50% chance to double total coins.{a}*50% chance to set total coins to 0.",
"item_desc39","[#ffffff]{a}*Multiplies total points by {b}x.",
"item_desc40","[#ffffff]{a}*{b}% chance to double one random peg.",
"item_desc41","[#ffffff]{a}*Halves the highest # peg.{a}*Doubles the lowest # peg {b} times",
"item_desc42","[#ffffff]{a}*Summon {b} clay balls.{a}*If a clay ball bounces off a wall OR peg, it will count as a [#ffd500]{d}Nubby hits wall [spr_ITArrow,0]{d} [#ffffff]trigger.{a}*Clay balls die after {c} bounces.",
"item_desc43","[#ffffff]{a}*One random peg gives +{b} points.{a}*Increase this number by +{c} for every time this item has triggered during this round.",
"item_desc44","[#ffffff]{a}*Gain +{b} points.{a}*If you are on round {d} or higher, gain +{c} points instead.",
"item_desc45","[#ffffff]{a}*Gives +1 {b}Kebab Perk{b}",
"item_desc46","[#ffffff]{a}*Stocks a random rare food item.",
"item_desc47","[#ffffff]{a}*If the first peg popped is the highest # peg, multiply total score by {b}x.",
"item_desc48","[#ffffff]{a}*Pops {b} random pegs.",
"item_desc49","[#ffffff]{a}*The lowest # peg becomes a copy of the highest # peg.",
"item_desc50","[#ffffff]{a}*Upon returning to Nubby-Mart, gain +1 reroll.",
"item_desc51","[#ffffff]{a}*Reduces round goal by -{b}%.{a}*Halves all pegs.",
"item_desc52","[#ffffff]{a}*Triggers an electron beam that passes through pegs.{a}*When an electron beam hits a peg, the peg will give {b}% of its #.{a}*Electron beams do NOT pop pegs.",
"item_desc53","[#ffffff]{a}*This item emits a god ray.{a}*The god ray rapidly pops a random peg once for each time the item in [#ffb3ff]SLOT #1 [#ffffff]has triggered in this round.",
"item_desc54","[#ffffff]{a}*Triggers the most recently obtained perk.",
"item_desc55","[#ffffff]{a}*The lowest # peg gives points equal to {b}x its #.{a}*If the lowest # peg is {d} or less, it will give +{c} points instead.",
"item_desc56","[#ffffff]{a}*Summons a beach ball that emits {b} streams of confetti when it pops.{a}*Pegs popped by confetti give {c}% of their #.",
"item_desc57","[#ffffff]{a}*Gain + {b} [#ffb84d]HAZARD[#ffffff][spr_ITStatus_Haz,0].{a}{a}[#ffb84d]*HAZARD[#ffffff][spr_ITStatus_Haz,0][#ffb84d]: When Nubby dies, multiply total points by total hazard.",
"item_desc58","[#ffffff]{a}*Nubby gives birth to a copy of himself.",
"item_desc59","[#ffffff]{a}*{b}% chance to double the highest # peg.",
"item_desc60","[#ffffff]{a}*Emits one ichor stream for every {b} times Nubby has died in this game.{a}*When a peg is hit by ichor, [#ffd500]{c}Pass round goal [spr_ITArrow,0]{c}[#ffffff] items and perks will trigger.{a}(Currently emits {d})",
"item_desc61","[#ffffff]{a}*Randomizes all items in your inventory... Good luck!",
"item_desc62","[#ffffff]*Contains a random common item from Nubby Mart.",
"item_desc63","[#ffffff]*Contains a random common item from the black market.",
"item_desc64","[#ffffff]*Contains a random common food item.",
"item_desc65","[#ffffff]{a}*For every time the board has restocked this game, gain +{b} points.{a}(Currently +{c} points)",
"item_desc66","[#ffffff]{a}*A random peg emits a {b}Cosmo-Blast{b}.{a}*When a peg is popped by a cosmo-blast, it counts as {c} peg pops instead of 1.",
"item_desc67","[#ffffff]{a}*When this is force-triggered, it transfers the force-trigger to the [#ffb3ff]ITEM TO THE LEFT OF ME[#ffffff].{a}*Has a {c}% chance to add on +1 additional force-trigger.",
"item_desc68","[#ffffff]{a}*Pops a random peg. When this peg pops, it will give points four times.",
"item_desc69","[#ffffff]{a}*Empty description",
"item_desc70","[#ffffff]{a}*Summons {b} quills that fall from the sky and pop {c} peg each.{a}*10% chance to summon one additional quill (3 total).",
"item_desc71","[#ffffff]{a}*A random peg will explode and pop {b} (maximum) nearby pegs.",
"item_desc72","[#ffffff]{a}*Every item in your inventory gives points equal to double the value of a random peg's number.",
"item_desc73","[#ffffff]{a}*If Nubby is still alive, summons a {b}disease-orb{b} that will aggresively float around and pop pegs.{a}*Disease-orbs die when Nubby dies.",
"item_desc74","[#ffffff]{a}*{b} in {c} chance to double ALL pegs.{a}*{d} in {e} chance to double all pegs twice.",
"item_desc75","[#ffffff]{a}*Empty description",
"item_desc76","[#ffffff]{a}*A random peg will emit {c} {b}snot rockets{b} that pop any pegs they pass through twice.",
"item_desc77","[#ffffff]{a}*Summons one straw that pops one peg.{a}*Pegs popped by straws give an additional +{b}% of their #.{a}*+Gains +{c}% for every time you've jumbled pegs in this game.",
"item_desc78","[#ffffff]{a}*All pegs will give points equal to quadruple the number on the lowest # peg.",
"item_desc79","[#ffffff]{a}*{b}% chance cause a giant explosion that pops all pegs once.{a}*{c}% chance if you are on your last shot.",
"item_desc80","[#ffffff]{a}*ALL peg spaces will give points equal to the total amount of pegs that have been popped this round.",
"item_desc81","[#ffffff]{a}*Empty description",
"item_desc82","[#ffffff]{a}*Pops {b} random pegs.",
"item_desc83","[#ffffff]{a}*Multiply total points by {b}x.",
"item_desc84","[#ffffff]{a}*Nubby gives points equal to double the number of times that Nubby has bounced this round.",
"item_desc85","[#ffffff]{a}*Summons a sword-shot that will pop a random peg {b} times.",
"item_desc86","[#ffffff]{a}*Empty description",
"item_desc87","[#ffffff]{a}*Empty description",
"item_desc88","[#ffffff]{a}*If Nubby is still alive, summon an ostrich-egg missile that falls from the sky an causes an explosion that pops 1 row and 1 column of pegs.",
"item_desc89","[#ffffff]{a}*Pops the two lowest # pegs, twice each.",
"item_desc90","[#ffffff]{a}*{b}% chance to do nothing.{a}*{c}% chance to double one random peg.{a}*{d}% chance to halve one random peg.",
"item_desc91","[#ffffff]{a}*Gives +{b} points for every time this item has triggered during this round.{a}*{c} in {d} chance to metamorphosize..",
"item_desc92","[#ffffff]{a}*Creates a high-voltage chain bolt that pops a cluster of pegs twice.",
"item_desc93","[#ffffff]{a}*Test{b}",
"item_desc94","[[#ffffff]{a}*Test{b}",
"item_desc95","[#ffffff]{a}*{b} random pegs will copy the # of the first peg popped.{a}*If this item is in slot #{c}, {d} pegs will be affected instead of {b}.",
"item_desc96","[#ffffff]{a}*Gives +{b} points for every time this item has triggered during this round.",
"item_desc97","[#ffffff]{a}*Every peg will give points equal to {b}% of their #.",
"item_desc98","[#ffffff]{a}*Doubles a random peg twice.",
"item_desc99","[#ffffff]{a}*Mutates into the upgraded version of the [#ffb3ff]ITEM TO THE LEFT OF ME [#ffffff] for the rest of the round",
"item_desc100","[#ffffff]{a}*A random peg emits a super pulse that doubles pegs within close range twice.",
"item_desc101","[#ffffff]{a}*Nubby emits a burst of bouncy {b}unstable waste{b}.{a}*Unstable waste bounces and pops any pegs it touches.{a}*If Nubby isn't alive, a random peg will emit the burst.",
"item_desc102","[#ffffff]{a}*Marks a random peg.{a}*When a peg is marked, all pegs that have the same number will be doubled twice.{a}*If no pegs have the same number as the marked peg, a random peg will be doubled twice.",
"item_desc103","[#ffffff]{a}*{b} random pegs get smacked twice.{a}*When a peg is smacked, it counts as a {a}[#ffd500]{c}Peg halved [spr_ITArrow,0]{c} [#ffffff] trigger without actually halving it.",
"item_desc104","[#ffffff]{a}*Empty description",
"item_desc105","[#ffffff]{a}*Doubles {c} random pegs whose # is less than {b}.",
"item_desc106","[#ffffff]{a}*Empty description",
"item_desc107","[#ffffff]{a}*Multiplies total points by {b}x.",
"item_desc108","[#ffffff]{a}*{b}% chance to double one random peg.",
"item_desc109","[#ffffff]{a}*{c}% chance to halve the highest # peg.{a}*Doubles the lowest # peg {b} times.",
"item_desc110","[#ffffff]{a}*Summon {b} clay prisms.{a}*If a clay prism bounces off a wall OR peg, it will count as a [#ffd500]{d}Nubby hits wall [spr_ITArrow,0]{d} [#ffffff]trigger.{a}*Clay prisms die after {c} bounces.",
"item_desc111","[#ffffff]{a}*One random peg gives +{b} points.{a}*Increase this number by +{c} for every time this item has triggered during this round.",
"item_desc112","[#ffffff]{a}*Gain +{b} points.{a}*If you are on round {d} or higher, gain +{c} points instead.",
"item_desc113","[#ffffff]{a}*Empty description",
"item_desc114","[#ffffff]{a}*Empty description",
"item_desc115","[#ffffff]{a}*If the first peg popped is the highest # peg, multiply total score by {b}x.",
"item_desc116","[#ffffff]{a}*Pops {b} random pegs, twice.",
"item_desc117","[#ffffff]{a}*The two lowest # pegs become copies of the highest # peg.",
"item_desc118","[#ffffff]{a}*Empty description",
"item_desc119","[#ffffff]{a}*Reduces round goal by -{b}%.{a}*Halves all pegs.",
"item_desc120","[#ffffff]{a}*Triggers a hyper-beam that passes through pegs.{a}*When an hyper-beam hits a peg, the peg will give {b}% of its #.{a}*Hyper-beams do NOT pop pegs.",
"item_desc121","[#ffffff]{a}*This item emits two god rays.{a}*Each god ray rapidly pops a random peg once for each time the item in [#ffb3ff]SLOT #1 [#ffffff]has triggered in this round.",
"item_desc122","[#ffffff]{a}*Triggers the two most recently obtained perks.",
"item_desc123","[#ffffff]{a}*The lowest # peg gives points equal to {b}x its #.{a}*If the lowest # peg is {d} or less, it will give +{c} points instead.",
"item_desc124","[#ffffff]{a}*Summons a MEGA beach ball that emits {b} streams of confetti when it pops.{a}*Pegs popped by confetti give {c}% of their #.",
"item_desc125","[#ffffff]{a}*Gain + {b} [#ffb84d]HAZARD[#ffffff][spr_ITStatus_Haz,0].{a}{a}[#ffb84d]*HAZARD[#ffffff][spr_ITStatus_Haz,0][#ffb84d]: When Nubby dies, multiply total points by total hazard.",
"item_desc126","[#ffffff]{a}*Nubby gives birth to two copies of himself.",
"item_desc127","[#ffffff]{a}*{b}% chance to double the highest # peg.",
"item_desc128","[#ffffff]{a}*Emits one ichor stream for every {b} times Nubby has died in this game.{a}*When a peg is hit by ichor, [#ffd500]{c}Pass round goal [spr_ITArrow,0]{c}[#ffffff] items and perks will trigger.{a}(Currently emits {d})",
"item_desc129","[#ffffff]{a}*Empty description",
"item_desc130","[#ffffff]{a}*Empty description",
"item_desc131","[#ffffff]{a}*Empty description",
"item_desc132","[#ffffff]{a}*Empty description",
"item_desc133","[#ffffff]{a}*For every time the board has restocked this game, gain +{b} points.{a}(Currently +{c} points)",
"item_desc134","[#ffffff]{a}*A random peg emits a {b}Giant Cosmo-Blast{b}.{a}*When a peg is popped by a giant cosmo-blast, it counts as {c} peg pops instead of 1.",
"item_desc135","[#ffffff]{a}*When this is force-triggered, it transfers the force-trigger to the [#ffb3ff]ITEM TO THE LEFT OF ME[#ffffff].{a}*Has a {c}% chance to add on +1 additional force-trigger.",
"item_desc136","[#ffffff]{a}*If you have less than 5 lives, restores +1 life.{a}*Otherwise, rerolls cafe foods.",
"item_desc137","[#ffffff]{a}*Gain +{b}% odds for rare items across all shops.{a}*This does not increase odds of ultra-rare items.",
"item_desc138","[#ffffff]{a}*Stocks a random ultra-rare food item.",
"item_desc139","[#ffffff]*Contains a random rare item from Nubby Mart.",
"item_desc140","[#ffffff]*Contains a random rare item from the black market.",
"item_desc141","[#ffffff]*Contains a random rare food item.",
"item_desc142","[#ffffff]*Contains a copy of a random item in your inventory.{a}*If you have no items, this will give a random common item.",
"item_desc143","[#ffffff]*Contains a random ultra-rare item from Nubby Mart.",
"item_desc144","[#ffffff]*Contains a random ultra-rare item from the black market.",
"item_desc145","[#ffffff]*Contains a random ultra-rare food item.",
"item_desc146","[#ffffff]{a}*You can jumble pegs +1 additional time per turn.",
"item_desc147","[#ffffff]{a}*Rerolls cafe foods.",
"item_desc148","[#ffffff]{a}*Empty description",
"item_desc149","[#ffffff]{a}*Empty description",
"item_desc150","[#ffffff]{a}*Empty description",
"item_desc151","[#ffffff]{a}*Empty description",
"item_desc152","[#ffffff]{a}*Empty description",
"item_desc153","[#ffffff]{a}*Empty description",
"item_desc154","[#ffffff]{a}*Empty description",
"item_desc155","[#ffffff]{a}*Empty description",
"item_desc156","[#ffffff]{a}*Empty description",
"item_desc157","[#ffffff]{a}*Empty description",
"item_desc158","[#ffffff]{a}*Empty description",
"item_desc159","[#ffffff]{a}*Empty description",
"item_desc160","[#ffffff]{a}*Empty description",
"item_desc161","[#ffffff]{a}*Empty description",
"item_desc162","[#ffffff]{a}*Empty description",
"item_desc163","[#ffffff]{a}*Empty description",
"item_desc164","[#ffffff]{a}*Empty description",
"item_desc165","[#ffffff]{a}*Empty description",
"item_desc166","[#ffffff]{a}*Empty description",
"item_desc167","[#ffffff]{a}*Empty description",
"item_desc168","[#ffffff]{a}*Empty description",
"item_desc169","[#ffffff]{a}*Empty description",
"item_desc170","[#ffffff]{a}*Empty description",
"item_desc171","[#ffffff]{a}*Empty description",
"item_desc172","[#ffffff]{a}*Empty description",

"btn_reroll","Reroll",
"btn_reroll_ext","Reroll x{a}",
"btn_goback","<- Go Back",		
"btn_cancel","Cancel",		
"btn_done","Done",		
"btn_deletesave","(!) Delete Save File (!)",		
"btn_deletesavedirection","Press and hold. You cannot undo this.",		
"btn_sell","Sell",
"btn_sellsm","[#ff0000]Sell {a}[#ffffff][spr_ITCoinAlt,0]",
"btn_eat","Eat!",		
"pausebtn_btg","Back to Game!",		
"pausebtn_abandon","Abandon Game",
"pausebtn_keybinds","Key Bindings ->",
"pausebtn_advanced","Advanced Settings",
"advsettings_bganim","Background animations",
"advsettings_itemsfx","Item/Perk Sfx",
"partlvl_minimal","Minimal",
"partlvl_few","Few",
"partlvl_reduced","Reduced",
"partlvl_most","Most",
"partlvl_all","All",
"advsettings_particles","Particles: {a}",
"debuginstance","Instances: {a}",		
"keybind_aim","Aim Shot",		
"keybind_launch","Launch Nubby",		
"keybind_pause","Pause Game",		
"keybind_fullscreen","Fullscreen",		
"keybind_sellitem","Sell Item",
"keybind_pressbutton","Press Button",
"keybind_quickrestart","Restart (Hold)",		
"keybind_set","Press any button",		
"free","Free!",		
"gameend_skip","Press [{a}] to skip",		
"abandon_warning","Are you sure you want to abandon the game?",
"pausemenu_seed","Run Seed (Classic):",
"pausemenu_challenge","Challenge:",
"pausemenu_seedcustom","Run Seed (Custom):",	
"setting_sfx","Sound FX",		
"setting_music","Music",		
"setting_fullscreen","Full screen",		
"btn_click","Click to begin!",		
"hoverdirection","(Hover over this to see details.){a}<----",
"hoverdirection_finalboss","(Hover over this to see details.)",		
"peg_name0","Error: Missing Peg",		
"peg_name1","Gold Nugget",		
"peg_name2","Bedrock Peg",		
"peg_name3","Hydrogen Bomb Peg",		
"peg_name4","Ghillie Peg",		
"peg_name5","Negative Peg",		
"peg_name6","Electron Peg",		
"peg_name7","Crazy Peg",		
"peg_name8","Husk Peg",		
"peg_name9","Nitro Peg",		
"peg_name10","Blowfish Peg",		
"peg_name11","Nucleus Peg",		
"peg_name12","Spikey Peg",		
"peg_name13","Circuit Peg",		
"peg_name14","Smiley Peg",
"peg_name15","Mutant Peg",
"peg_name16","Psychic Peg",
"peg_name17","Booger Peg",
"peg_name18","Snowglobe Peg",
"peg_name19","Burglar Peg",
"peg_name20","Brick Peg",		
"peg_desc0","Missing description.",		
"peg_desc1","[#ffffcc]*This peg will give +{a} coin when popped for the first time.",		
"peg_desc2","[#ffe6e6]*This peg can only be popped once it's stone layer has been popped {a} times.",		
"peg_desc3","[#ffffcc]*When popped for the first time, this peg will trigger a mega explosion that pops all pegs once. ",		
"peg_desc4","[#ffffcc]*This peg will pop the highest # peg when popped. (will not pop itself)",
"peg_desc5","[#ffe6e6]*This peg will subtract points instead of adding points when popped.",		
"peg_desc6","[#ffffcc]*This peg will force-trigger the item in [#ffb3ff]SLOT #{a} [#ffffcc]when popped.",		
"peg_desc7","[#ffffcc]*This peg will multiply your total points by {a}x when popped for the first time.",		
"peg_desc8","[#ffe6e6]*This peg will break after it has been popped for the first time.",		
"peg_desc9","[#ffffcc]*This peg will explode and pop {a} pegs in a cross-pattern when popped for the first time.",		
"peg_desc10","[#ffffcc]*When popped for the first time, all other pegs will be doubled ({a}% chance) OR halved ({b}% chance)",		
"peg_desc11","[#ffffcc]*This peg will multiply your total points by {a}x when fully popped.",		
"peg_desc12","[#ffe6e6]*This peg will kill nubby and end the round when fully popped.",		
"peg_desc13","[#ffe6e6]*This peg will disable a random item when fully popped.{a}*Disabled items cannot trigger for the rest of the round.",		
"peg_desc14","[#ffffcc]*This peg gives points twice when popped.",
"peg_desc15","[#ffffcc]*No description",
"peg_desc16","[#ffffcc]*All psychic pegs will give points equal to their # when any psychic peg is popped.",
"peg_desc17","[#ffffcc]*When popped, this peg will emit 2 {b}snot-shots{b} that pop any pegs they pass through.",
"peg_desc18","[#ffe6e6]*When popped, all pegs will copy this peg's #.",
"peg_desc19","[#ffe6e6]*When fully popped, the item in [#ffb3ff]SLOT #2[#ffe6e6] will be sold.",
"peg_desc20","[#ffffcc]*When popped, it counts as a [#ffd500]{a}Nubby hits wall [spr_ITArrow,0]{a} [#ffffcc] trigger.",	
"btn_skiploot_part1","Skip!",
"btn_skiploot_part2","Gives +{a}[spr_ITCoin,0]",		
"perk_name0","Error: Missing perk",		
"perk_name1","The Snakey Perk",		
"perk_name2","The Kebab Perk",		
"perk_name3","The Ray-Gun Perk",	
"perk_name4","The Speedy Perk",		
"perk_name5","The Battery Perk",		
"perk_name6","The Cheesy Perk",		
"perk_name7","The Waffle Perk",		
"perk_name8","The Chaotic Perk",		
"perk_name9","The Zombie Perk",		
"perk_name10","The Springy Perk",		
"perk_name11","The Ping Pong Perk",		
"perk_name12","Mystery Box Perk",		
"perk_name13","The Trophy Perk",		
"perk_name14","The Penny Perk",		
"perk_name15","The Meaty Perk",		
"perk_name16","The Cubey Perk",		
"perk_name17","The Charity Perk",	
"perk_name18","The Candle Perk",
"perk_name19","The Tornado Perk",
"perk_name20","The Drainer Perk",
"perk_name21","The House'O'Cards Perk",
"perk_name22","The Eggy Perk",
"perk_name23","The Buckshot Perk",
"perk_name24","The Void Perk",	
"perk_name25","The Enlightened Perk",
"perk_name26","The Seedy Perk",
"perk_name27","The Warlock Perk",
"perk_name28","The Gourmet Perk",
"perk_name29","The Lunar Perk",
"perk_name30","The Croissant Perk",
"perk_desc0","[#e6ffe6]{a}*Empty perk description",		
"perk_desc1","[#e6ffe6]{a}*Force-triggers all items.{a}*Disables the item in [#ffb3ff]SLOT #{b}[#e6ffe6].",		
"perk_desc2","[#e6ffe6]{a}*{b}% chance to force-trigger the right-most item in your inventory.",		
"perk_desc3","[#e6ffe6]{a}*{b}% chance to force-trigger the item in [#ffb3ff]SLOT #{c}[#e6ffe6].",		
"perk_desc4","[#e6ffe6]{a}*If the round started less than {b} seconds ago, force-triggers the items in slots [#ffb3ff]SLOTS #1, #2, and #3[#e6ffe6].",
"perk_desc5","[#e6ffe6]{a}*Force-triggers the item in [#ffb3ff]SLOT #{b}[#e6ffe6].",	
"perk_desc6","[#e6ffe6]{a}*Force-triggers all items.",	
"perk_desc7","[#e6ffe6]{a}*Force-triggers all items in odd-numbered slots.",		
"perk_desc8","[#e6ffe6]{a}*Force-triggers one random item.",		
"perk_desc9","[#e6ffe6]{a}*Force-triggers all {b}[#ffd500]First peg popped [spr_ITArrow,0][#e6ffe6]{b} items.",		
"perk_desc10","[#e6ffe6]{a}*{b}% chance to force-trigger item in [#ffb3ff]SLOT #{c}[#e6ffe6].",		
"perk_desc11","[#e6ffe6]{a}*Force-triggers the item in slot #5.",		
"perk_desc12","[#e6ffe6]{a}If [#ffb3ff]SLOT #{b}[#e6ffe6] is empty...{a}*A random item from nubby-mart will appear in [#ffb3ff]SLOT #{b}[#e6ffe6] and force-trigger {c} times.{a}*The new item will disappear at the end of the round.",		
"perk_desc13","[#e6ffe6]{a}*If Nubby is still alive, {c}% chance to force-trigger the item in [#ffb3ff]SLOT #{b}[#e6ffe6].",		
"perk_desc14","[#e6ffe6]{a}*Force-triggers the item in [#ffb3ff]SLOT #{b}[#e6ffe6] 1 time for every {c} coins you have.",		
"perk_desc15","[#e6ffe6]{a}*Force-triggers the items in slots [#ffb3ff]SLOTS #5, #6, and #7[#e6ffe6], {b} times each.",		
"perk_desc16","[#e6ffe6]{a}If you have 4 or less items... {a}*Force-triggers the item in [#ffb3ff]SLOT #{b}[#e6ffe6], {c} times",		
"perk_desc17","[#e6ffe6]{a}*If the round goal was passed {b} or more times, force-triggers all items and lose {c}% of total points.",	
"perk_desc18","[#e6ffe6]{a}*If you have passed the round goal this round, force-triggers the item in [#ffb3ff]SLOT #{b}[#e6ffe6], twice.",	
"perk_desc19","[#e6ffe6]{a}*Force-triggers the leftmost item x times.{a}*Jumbling pegs increases x by +{b}.{a}*This value resets after each round.",
"perk_desc20","[#e6ffe6]{a}*Force-triggers the left-most item in your inventory.{a}*Lose {b}% of your total points.",
"perk_desc21","[#e6ffe6]{a}*Force-triggers all {b}[#ffd500]x pegs popped [spr_ITArrow,0][#e6ffe6]{b} items.",
"perk_desc22","[#e6ffe6]{a}*Force-triggers all items that summon anything.",
"perk_desc23","[#e6ffe6]{a}*If the first peg popped was the highest # peg, force-triggers the items in [#ffb3ff]SLOTS #1, and #2[#e6ffe6], {b} times each.",
"perk_desc24","[#e6ffe6]{a}*Force-triggers the item in [#ffb3ff]SLOT #{b}[#e6ffe6] 2 times for each empty inventory slot.",
"perk_desc25","[#e6ffe6]{a}*Force-triggers the item in slot [#ffb3ff]SLOT #{b}[#e6ffe6] 1 time for each perk you have.",
"perk_desc26","[#e6ffe6]{a}*Null",
"perk_desc27","[#e6ffe6]{a}*Force triggers one random {b}[#ffd500]Nubby Dies [spr_ITArrow,0][#e6ffe6]{b} item again.",
"perk_desc28","[#e6ffe6]{a}*Force-triggers the item in slot #{b}, 1 time for every {c} food items you've consumed.{a}(Foods eaten: {d})",
"perk_desc29","[#e6ffe6]{a}*Force-triggers the item in slot #{b}, 1 time for every {c} rounds you've passed with this in your inventory.{a}(Rounds passed: {d})",
"perk_desc30","[#e6ffe6]{a}*Has an x% chance to force-trigger the item in slot #{b}.{a}*For each remaining life, gain +{c}% odds.",
"rareitemodds","Rare Item Odds: {a}%",		
"mainmenu","Main{a}Menu",		
"showstats_lose","Died on round: {b}{a}Total points: {c}{a}Total restocks: {d}{a}Item triggers: {e}{a}Coins earned: {f}{a}Total shots: {g}{a}Board clears: {h}",
"showstats_win","{a}Total points: {b}{a}Total restocks: {c}{a}Item triggers: {d}{a}Coins earned: {e}{a}Total shots: {f}{a}Board clears: {g}",
"specialevent_name1","Mayhem!",		
"specialevent_name2","Gold Rush!",		
"specialevent_name3","Numbermania!",		
"specialevent_name4","Sneaky Snipers!",		
"specialevent_name5","Don't Touch Me!",		
"specialevent_name6","Say Cheese!",		
"specialevent_name7","M.O.A.P.",
"specialevent_name8","Psychic Link!",
"specialevent_name9","Booger Party!",
"specialevent_name10","",
"specialevent_name11","",
"specialevent_name12","",		
"bossevent_name1","Bedrock Bash!",		
"bossevent_name2","Pessimism!",		
"bossevent_name3","Shell Shocked!",		
"bossevent_name4","Ouch! You Prick!",		
"bossevent_name5","Power Outage!",
"bossevent_name6","Holiday Cheer!",
"bossevent_name7","I've Been Robbed!",
"bossevent_name8","Empty boss name",
"finalbossevent_name1","Apocalypse!",
"finalbossevent_name2","Go To Hell!",	
"finalbossevent_name3","Tony!?!?",
"finalboss_desc1","Blood drops will rapidly rain down from above and halve the first peg they come in contact with.",
"finalboss_desc2","The side walls of the factory turn into brimstone. When Nubby hits brimstone, lose {a}% of your total points",
"finalboss_desc3","Tony shoots lazers from his eyes! If a peg is hit by a lazer, its number will be reduced to 1.",
"shoperror1","All item slots full.{a}Sell items to make room!{a}{a}[Press {b} items to sell]",						
"shoperror4","Too poor! Get more money to buy this!",				
"shoperror6","Drag and drop an item over this button to freeze them!{a}(Frozen items won't go away when you reroll or leave the shop.)",
"shoperror7","Beat the game at least once to unlock!",
"shoperror8","Must play at least one game to unlock!",
"shoperror9","Not enough stars! Play the game and take on challenges to get stars!",
"shoperror10","Stars are a currency used to unlock things. You can obtain stars by doing well in-game!",	
"lootdirections","Click to open!",
"bmdoorprompt","A mysterious door appears...",
"bmdoor_usekey","Use key?",
"perkwarning","Note: Perks are permanent. You cannot sell or get rid of them.",			
"nohighscore","Score: {b}{a}Highscore: {c}",		
"highscore","New Highscore!{a}{b}",
"nohighscore_challenge","Score: {b}{a}Challenge Highscore: {c}",
"supervisor_highscore","Highscore: {a}",		
"highscore_challenge","New Challenge Highscore!{a}{b}",		
"btn_gainslot","+1 item slot!",
"btn_bm_enter","Enter?",	
"soldout","Sold out!",		
"newgame","New{a}Game!",		
"roundinfo","Round {a}",	
"tut1","Hey. You must be the new employee they were telling me about.",		
"tut2","My name is Tony and I'm gonna be your supervisor.",		
"tut3","My job is to show you how to run the factory.",		
"tut4","I don't really care about your name or anything so let's just get into this.",		
"tut5","First things first, welcome aboard to Nubby's Number Factory - the world's leading number manufacturer!",		
"tut6","This is the main control center of the factory.",		
"tut7","Your first task is to launch our mascot, Nubby, down the peg board.",		
"tut8","Hold down [{a}] and press [{b}] to launch Nubby.",		
"tut9","Wow, you're really good at this.",		
"tut10","At this factory, your only job is to make big numbers...",		
"tut11","By launching Nubby at these pegs, you will earn however many points are shown on the peg.",		
"tut12","This number shows how many points you made in a round.",		
"tut13","The number on the bottom is the goal. If you beat the goal, the board will restock.",		
"tut14","If you get a REALLY high score, the board can restock multiple times in a single round.",		
"tut15","Oh wait.. I forgot to tell you what a restock even is!",		
"tut16","Well listen up, because restocks are an important thing!",		
"tut17","When the board restocks, a bunch of NEW pegs will fall from the sky and fill all your empty spaces.",		
"tut18","Soon after, pairs of pegs with the same number will merge into one greater peg.",		
"tut19","Let's try it out. Keep launching Nubby until you beat the goal.{a}[{b}] + [{c}]",		
"tut20","You can do better than that. Do it again.",		
"tut21","Pegtacular! That was pegalicious! You're a star!",		
"tut22","Just kidding, no you're not.",		
"tut23","Ok. We're almost done. To rearrange your new pegs, press the jumble button.",		
"tut24","Nice. Launch Nubby one more time [{a}] + [{b}]. I wanna show you something.",		
"tut25","So you might have noticed that Nubby goes through some pegs, but not others.",		
"tut26","Nubby will break through 1's, but will bounce off any peg greater than 1.",		
"tut27","Alright bud, that's it for the tutorial. You'll figure the rest out for yourself.",		
"tut28","OH! WAIT! WAIT! I FORGOT ONE THING!",		
"tut29","Everytime you launch Nubby, you lose one life. If you run out of lives, the sun will explode.",		
"tut30","But luckily, everytime the board restocks, you get one life back.",		
"tut31","So as long as you keep making big numbers, nobody gets hurt.",	
"tut32","Ok now I'm done. Thanks for not pressing the {a}skip tutorial{a} button. I know that was difficult for you.",	
"tut33","I'll start you off with a fresh, new factory now. Good luck.",
"skiptut","Skip Tutorial",		
"tutdir","(Click to continue)",		
"pmbtn_settings","Settings",		
"pmbtn_restart","Restart Game",	
"btn_credits","Credits",
"translation","Translation{a}{a}",
"startdirection","Aim - [{a}]   Launch Nubby [{b}]",
"seizurewarn","This game has the potential to induce seizures{a}with people who have photosensitive epilepsy.",
"warning","WARNING:",
"endlessmode","Endless{a}Mode",
"prestigemode","Prestige",
"prestige_indicator","Prestige:{a}{b}",
"sparkly","Sparkly",
"play_clawmachine_enabled","[#000000]Play {a}[#ffffff][spr_GoldCoinSm,0]",
"play_clawmachine_disabled","[#666666]Play {a}[#ffffff][spr_GoldCoinSm,0]",
"play_clawmachine_toopoor","[#990000]Play {a}[#ffffff][spr_GoldCoinSm,0]",
"clawmachine_exit","Exit",
"capsule_name0","The Key-Capsule (Evil):",
"capsule_name1","The Key-Capsule (Cheap):",
"capsule_name2","The Mystery Capsule:"
"capsule_name3","The Golden Capsule:"
"capsule_desc_part","[#000000]When opened...",
"capsule_desc0","[#000000]{a}*Receive a suspicious key...{a}[#800000]*Suspicious key: On the next shop turn, you will gain access to the black market.",
"capsule_desc1","[#000000]{a}*Receive a plastic key...{a}[#00802b]*Plastic key: On the next shop turn, you will gain access to the bargain bin.",
"capsule_desc2","[#000000]{a}*{b}% chance to receive a random common item.{a}*{c}% chance to receive a random common perk.{a}*{d}% chance to receive a random rare item.{a}*{e}% chance to receive a random rare perk.",
"capsule_desc3","[#000000]{a}*Gives 1 to {b} coins.",
"capsule_reward_part","[#000000]Whoa! You got:{a}{b}",
"capsule_reward_Cap0","+1 Suspicious Key!",
"capsule_reward_Cap1","+1 Plastic Key!",
"capsule_reward_Cap2_Option1","+1 common item: ({a})",
"capsule_reward_Cap2_Option2","+1 common perk: ({a})",
"capsule_reward_Cap2_Option3","+1 rare item: ({a})",
"capsule_reward_Cap2_Option4","+1 rare perk: ({a})",
"capsule_reward_Cap2_Option5","+1 ULTRA RARE item: ({a})",
"capsule_reward_Cap2_Option6","+1 ULTRA RARE perk: ({a})",
"capsule_reward_Cap3","+{a} coins!",
"capsule_open_directions","Click on the capsule to open it!",
"capsule_item_directions","Click on the prize to drag and drop it into your inventory!",
"capsule_itemselltip","Tip: Press [{a}] on an item in your inventory to sell it and make space.",
"clawmachine_play2win","PLAY{a}To Win!",
"capsule_other_directions","Click on the prize to take it!",
"reward_okbutton","Ok!",
"reward_skipbutton","Skip!",
"statabbreviate_superacid","SUP",
"statabbreviate_acid","ACD",
"statabbreviate_hazard","HAZ",
"statabbreviate_dynamite","DYN",
"statabbreviate_mana","MANA",
"statabbreviate_blank3","BL3",
"statabbreviate_blank4","BL4",
"statabbreviate_blank5","BL5",
"pickone","Choose an item?{a}(Pick ONE)",
"altdesc_corrupted","[#cc99ff]CORRUPTED ITEM[#ffffff]:{a}*This item cannot be force-triggered.",
"altdesc_glass","[#99e6e6]GLASS ITEM[#ffffff]:{a}*This item has a 5% chance to shatter when it triggers.",
"altdesc_disable","*DISABLED ITEMS:{a}[#ffffff]*Disabled items cannot trigger for the rest of the round.",
"altdesc_kebab","[#4dff4d][fnt_ItemName]{b}  [#ffffff][spr_Sub_Perk,0]{a}[fnt_ComicSansMed]{c}",
"altdesc_croissant","[#4dff4d][fnt_ItemName]{b}  [#ffffff][spr_Sub_Perk,0]{a}[fnt_ComicSansMed]{c}",
"zone_info","Zone {a}:",
"zone_info_endless","Zone ???:",
"zone_name1","The Factory",
"zone_name2","The Stratosphere",
"zone_name3","The Moon",
"zone_name4","The Sun Temple",
"zone_name5","The Universe",
"zone_promptdirection","[Click to continue]",
"food_eaten","Eaten!",
"food_eatenfake","Eaten?",
"food_gainlives","+{a} Lives!",
"food_gainfulllives","+Full Lives",
"clayball_hitwall","Hit!",
"peg_copied","Copied!"
"maximum_peg","MAX",
"peg_popped","Pop!",
"peg_smacked","Smack!",
"pass_goal","Goal Pass!",
"cafe_door","Cafe",
"cafe_directions","Drag and drop food items into the mouth to eat!",
"food_eat_confirm1_outcome1","You just lost all your coins!",
"food_eat_confirm1_outcome2","Doubled total coins!",
"food_eat_confirm2_single","Gained +1 coin!",
"food_eat_confirm2_plural","Gained +{a} coins!",
"food_eat_confirm3","Upgraded and deleted items!",
"food_eat_confirm3_invalid","No items available :(",
"food_eat_confirm3_invalid2","Couldn't upgrade item :(",
"food_eat_confirm4","+1 life restored!",
"food_eat_confirm5","Rare food stocked!",
"food_eat_confirm6","Gained +1 {a}Kebab Perk{a}",
"food_eat_confirm7","Gained +1 reroll in Nubby-Mart!",
"food_eat_confirm8","Duplicated perk: {b}{a}{b}!",
"food_eat_confirm8_invalid","No perk duplicated :(",
"food_eat_confirm9_single","Gained +1 coin!",
"food_eat_confirm9_plural","Gained +{a} coins!",
"food_eat_confirm10","All items randomized!",
"food_eat_confirm11_valid","Rerolled cafe foods!",
"food_eat_confirm11_invalid","Not enough lives to reroll :(",
"food_eat_confirm12_valid","Increased rare item odds!",
"food_eat_confirm12_invalid","Maximum rare item odds!?!",
"food_eat_confirm13","Ultra-rare food stocked!",
"food_eat_confirm14","Gained +1 {a}Croissant Perk{a}",
"food_eat_confirm15","+1 jumble per turn!",
"challenge_name_0","{a}Amnesiac{a}",
"challenge_name_1","{a}Stay There!{a}",
"challenge_name_2","{a}Short on Change{a}",
"challenge_name_3","{a}Plain Jane{a}",
"challenge_name_4","{a}Expiration Date{a}",
"challenge_name_5","{a}One-Shot McGee{a}",
"challenge_name_6","{a}Nubbelocke{a}",
"challenge_name_7","{a}Times up!{a}",
"challenge_name_8","{a}Pol's Bane{a}",
"challenge_name_9","{a}Pheebie-Mode{a}",
"challenge_wins","Wins: ",
"supervisor_wins","Wins: ",
"challenge_highscore","Highscore",
"challenge_desc_0","*Items in shops are replaced by various mystery boxes.{a}*Mystery boxes give a random item when purchased.",
"challenge_desc_1","*You can jumble pegs once PER GAME.{a}*Rerolling items in shops is disabled.",
"challenge_desc_2","*Maximum coins are capped at 10.{a}*Items that cost more than 10 coins have reduced prices.",
"challenge_desc_3","*Rare items, foods, and perks cannot be found.",
"challenge_desc_4","*Items will be deleted 15 rounds after they were obtained.{a}*Upgrading items will reset their expiration date.",
"challenge_desc_5","*During restocks, you can only gain +1 life at most - even if you restocked more than once.{a}*You cannot gain lives using any alternative method.",
"challenge_desc_6","*Failure to meet the quota on any round will result in the left-most item being deleted.",
"challenge_desc_7","*A C-4 is strapped to Nubby.{a}*Nubby will explode and die after 1.5 seconds, causing a big explosion that pops pegs.",
"challenge_desc_8","*Perks cannot be obtained.",
"challenge_desc_9","*If you start a round with more than 1 item in your inventory, all items will be disabled for the rest of the round.",
"challenge_beat","Challenge Beat!",
"challenge_beat_accept","Ok!",
"challenge_newhighscore","New Challenge Highscore!:{a}{b}",
"challenge_nohighscore","Your Score:{a}{b}{a}{a}Challenge Highscore:{a}{c}",
"newunlock","New Unlock!",
"target_bullseye","Bullseye!",
"endgame_btn","End Game"
"counter_pegpop","POP:",
"counter_pegdouble","DUB:"
"counter_peghalve","HALF:"
"counter_restocks","RESTK:"
"",""
"",""
"",""
"",""
"",""
"",""
"",""
"",""
"",""
"",""
"",""
"",""
"",""
"",""
"",""
"",""

